date,household_stress_index,digital_spend_index,jobs_interest_index,unga,maize flour,fuel price,rent,loan,internet bundles,safaricom bundles,smartphone price,laptop price,jobs in kenya,vacancies,BrighterMonday
2021-01-24,1.5544041450777193,43.925233644859816,50.000000000000014,3,3,3,18,53,0,51,14,61,78,36,1
2021-01-31,5.699481865284977,33.64485981308411,45.91836734693878,5,3,3,18,59,0,51,0,64,74,36,1
2021-02-07,6.735751295336787,37.38317757009346,47.95918367346938,5,2,3,18,62,0,67,0,52,77,35,1
2021-02-14,6.735751295336787,28.971962616822427,41.836734693877546,6,3,5,17,59,0,53,0,57,71,35,1
2021-02-21,5.699481865284977,39.25233644859813,50.000000000000014,6,0,3,18,61,0,80,0,41,77,38,0
2021-02-28,4.145077720207253,22.429906542056074,45.91836734693878,4,0,3,17,61,1,53,0,49,74,36,1
2021-03-07,2.590673575129529,11.214953271028037,48.9795918367347,4,2,3,15,58,0,49,0,42,72,41,1
2021-03-14,6.217616580310882,26.168224299065418,26.530612244897966,3,3,13,16,54,0,48,0,59,59,31,2
2021-03-21,1.5544041450777193,33.64485981308411,31.6326530612245,5,2,3,16,54,0,72,0,43,66,30,1
2021-03-28,2.590673575129529,66.35514018691589,23.469387755102048,3,3,3,17,56,0,85,12,53,59,28,2
2021-04-04,6.735751295336787,56.074766355140184,22.448979591836732,3,0,3,17,67,1,66,12,60,60,27,1
2021-04-11,4.663212435233158,29.906542056074763,29.59183673469388,6,2,10,16,52,0,59,0,52,59,35,1
2021-04-18,0.5181347150259048,58.87850467289719,29.59183673469388,6,2,3,16,51,0,65,24,53,63,31,1
2021-04-25,1.0362694300518145,47.66355140186916,24.48979591836735,4,3,4,16,52,0,72,0,58,59,30,1
2021-05-02,0.0,41.1214953271028,18.367346938775512,5,2,2,15,53,0,64,13,46,55,28,1
2021-05-09,2.590673575129529,27.102803738317753,40.81632653061226,3,2,5,16,56,0,52,0,56,66,40,0
2021-05-16,4.663212435233158,48.598130841121495,44.897959183673464,5,3,4,16,58,0,54,16,61,67,42,1
2021-05-23,3.626943005181348,47.66355140186916,37.75510204081633,5,2,3,17,57,1,67,11,51,67,35,1
2021-05-30,8.808290155440416,67.28971962616822,44.897959183673464,6,3,3,17,65,0,74,14,63,73,36,1
2021-06-06,7.772020725388597,50.467289719626166,52.04081632653062,4,0,5,17,66,1,77,0,55,78,38,1
2021-06-13,9.326424870466319,40.18691588785047,39.79591836734694,5,3,9,16,62,0,61,15,46,68,36,1
2021-06-20,8.29015544041451,44.85981308411215,40.81632653061226,5,2,4,17,65,0,59,19,49,69,35,2
2021-06-27,9.844559585492226,40.18691588785047,51.02040816326531,6,3,3,17,67,0,54,13,55,69,46,1
2021-07-04,13.989637305699482,45.794392523364486,44.897959183673464,5,3,4,17,75,0,66,12,50,70,39,1
2021-07-11,8.29015544041451,43.925233644859816,44.897959183673464,6,2,6,16,63,0,68,0,58,66,43,1
2021-07-18,6.217616580310882,36.44859813084112,41.836734693877546,3,0,4,18,64,0,60,0,58,67,39,1
2021-07-25,10.880829015544045,59.813084112149525,48.9795918367347,4,3,4,18,69,0,62,15,66,69,45,0
2021-08-01,9.326424870466319,52.336448598130836,46.938775510204096,6,2,5,16,66,0,65,0,70,66,46,0
2021-08-08,6.217616580310882,58.87850467289719,42.85714285714286,4,2,4,18,61,0,69,12,61,65,42,1
2021-08-15,7.772020725388597,37.38317757009346,39.79591836734694,5,5,5,17,60,0,58,11,50,66,37,2
2021-08-22,9.326424870466319,45.794392523364486,31.6326530612245,7,9,3,16,60,0,62,12,54,62,35,0
2021-08-29,12.435233160621758,40.18691588785047,36.734693877551024,6,4,3,18,70,0,54,13,55,68,34,0
2021-09-05,10.880829015544045,31.775700934579437,39.79591836734694,6,2,3,18,69,1,52,0,60,69,35,1
2021-09-12,17.616580310880824,28.971962616822427,38.77551020408163,7,0,19,16,69,0,49,0,61,67,37,0
2021-09-19,13.471502590673579,39.25233644859813,37.75510204081633,5,4,8,17,69,0,55,12,54,68,34,1
2021-09-26,8.29015544041451,9.345794392523365,30.612244897959183,6,0,6,14,67,0,44,0,45,61,34,1
2021-10-03,8.808290155440416,30.8411214953271,31.6326530612245,4,3,5,15,67,1,56,0,55,62,34,1
2021-10-10,13.989637305699482,28.037383177570092,48.9795918367347,4,4,10,16,70,1,57,0,51,67,47,0
2021-10-17,9.844559585492226,37.38317757009346,35.71428571428571,4,0,4,15,73,0,69,0,50,63,38,0
2021-10-24,10.880829015544045,31.775700934579437,51.02040816326531,5,3,4,16,70,0,55,12,46,67,48,1
2021-10-31,9.844559585492226,20.5607476635514,38.77551020408163,6,8,3,15,64,0,48,0,53,61,43,0
2021-11-07,12.435233160621758,11.214953271028037,52.04081632653062,6,3,3,16,73,0,38,14,39,71,46,0
2021-11-14,11.917098445595855,4.672897196261682,47.95918367346938,6,4,5,16,69,0,33,0,51,69,43,1
2021-11-21,7.253886010362691,13.084112149532709,51.02040816326531,6,2,4,15,64,0,29,14,50,63,53,0
2021-11-28,7.253886010362691,5.607476635514018,41.836734693877546,7,3,4,16,61,0,41,0,44,56,51,0
2021-12-05,5.699481865284977,0.0,31.6326530612245,3,2,2,16,65,0,38,0,41,54,43,0
2021-12-12,7.772020725388597,24.299065420560748,22.448979591836732,4,3,3,15,67,0,49,12,44,55,33,0
2021-12-19,7.253886010362691,21.49532710280374,20.40816326530613,5,3,3,16,64,0,48,0,54,53,33,0
2021-12-26,0.0,1.8691588785046727,21.42857142857143,3,0,3,16,55,0,46,0,35,56,31,0
2022-01-02,16.580310880829018,41.1214953271028,100.0,5,3,5,19,77,0,57,0,66,100,62,2
2022-01-09,18.652849740932645,19.626168224299064,84.6938775510204,9,3,4,21,76,0,35,13,52,88,60,1
2022-01-16,17.616580310880824,34.57943925233645,80.6122448979592,8,4,4,21,74,0,47,0,69,89,55,1
2022-01-23,15.025906735751294,47.66355140186916,77.55102040816327,5,4,5,20,72,0,54,0,76,89,53,0
2022-01-30,15.025906735751294,55.140186915887845,76.53061224489797,6,4,5,20,71,0,51,17,70,89,50,2
2022-02-06,15.025906735751294,37.38317757009346,68.36734693877553,7,4,4,18,73,0,45,11,63,82,50,1
2022-02-13,17.098445595854923,39.25233644859813,73.46938775510205,6,5,6,21,72,0,48,13,60,85,52,1
2022-02-20,13.471502590673579,44.85981308411215,72.44897959183673,6,7,4,19,67,0,56,9,62,84,52,1
2022-02-27,11.917098445595855,49.532710280373834,71.42857142857144,7,4,4,19,66,0,53,11,68,81,54,1
2022-03-06,6.217616580310882,36.44859813084112,66.3265306122449,4,4,5,17,59,0,53,9,56,78,52,1
2022-03-13,12.435233160621758,41.1214953271028,70.40816326530613,4,5,13,17,62,0,52,11,60,81,53,1
2022-03-20,17.098445595854923,52.336448598130836,78.57142857142857,6,5,6,21,72,1,51,14,69,86,56,1
2022-03-27,16.580310880829018,78.50467289719626,69.38775510204081,6,5,9,20,69,1,74,14,74,81,52,1
2022-04-03,15.544041450777197,40.18691588785047,80.6122448979592,5,5,15,18,64,0,60,9,53,84,60,1
2022-04-10,19.17098445595855,51.4018691588785,63.26530612244897,8,2,28,16,60,0,79,0,55,77,50,1
2022-04-17,11.917098445595855,71.02803738317756,86.73469387755104,8,4,8,17,63,0,77,13,65,89,61,1
2022-04-24,10.880829015544045,59.813084112149525,98.9795918367347,7,5,7,16,63,0,69,12,62,100,62,1
2022-05-01,16.06217616580311,55.140186915887845,94.89795918367348,6,4,7,19,72,0,66,10,62,99,59,1
2022-05-08,13.471502590673579,44.85981308411215,86.73469387755104,7,4,9,18,65,0,43,14,70,95,55,1
2022-05-15,14.507772020725387,37.38317757009346,81.63265306122449,6,5,10,17,67,0,58,0,61,92,53,1
2022-05-22,11.917098445595855,51.4018691588785,84.6938775510204,6,5,6,18,65,0,59,0,75,97,51,1
2022-05-29,22.797927461139896,81.30841121495327,81.63265306122449,7,4,6,19,85,0,62,14,90,94,51,1
2022-06-05,21.761658031088082,70.09345794392523,85.71428571428572,7,5,7,20,80,0,81,0,73,96,53,1
2022-06-12,35.75129533678756,61.6822429906542,83.67346938775512,10,12,24,18,82,0,56,15,74,94,53,1
2022-06-19,29.533678756476682,53.271028037383175,92.85714285714288,16,15,9,17,77,1,59,11,65,99,57,1
2022-06-26,41.45077720207253,53.271028037383175,90.81632653061224,24,27,8,20,78,0,59,11,66,93,61,1
2022-07-03,22.279792746113987,57.943925233644855,84.6938775510204,12,7,7,18,76,0,71,0,70,92,57,0
2022-07-10,29.01554404145078,66.35514018691589,64.28571428571429,12,7,18,18,78,0,55,14,81,82,47,0
2022-07-17,100.0,65.42056074766354,76.53061224489797,100,67,7,17,79,0,60,13,76,88,52,1
2022-07-24,36.78756476683938,66.35514018691589,69.38775510204081,13,13,6,19,97,1,57,16,76,86,47,1
2022-07-31,23.316062176165797,60.747663551401864,50.000000000000014,14,13,4,16,75,0,68,0,76,72,42,1
2022-08-07,5.181347150259063,25.233644859813083,7.14285714285714,8,8,3,14,54,0,50,9,47,47,26,0
2022-08-14,18.652849740932645,37.38317757009346,52.04081632653062,11,7,6,17,72,0,48,10,61,77,40,0
2022-08-21,22.279792746113987,45.794392523364486,81.63265306122449,9,5,4,18,84,0,56,0,72,90,55,1
2022-08-28,17.616580310880824,60.747663551401864,63.26530612244897,7,7,4,17,76,0,56,14,74,76,51,1
2022-09-04,14.507772020725387,38.31775700934579,75.51020408163265,8,5,5,16,71,0,46,0,74,85,54,1
2022-09-11,41.45077720207253,19.626168224299064,82.6530612244898,15,6,43,18,75,0,44,0,56,90,56,1
2022-09-18,43.00518134715026,46.728971962616825,88.77551020408164,40,6,12,18,84,0,54,12,63,94,58,1
2022-09-25,30.051813471502587,55.140186915887845,77.55102040816327,13,6,7,19,90,0,61,0,77,86,55,1
2022-10-02,20.725388601036265,50.467289719626166,75.51020408163265,10,5,6,17,79,0,54,0,79,85,54,1
2022-10-09,25.388601036269424,30.8411214953271,71.42857142857144,6,4,23,17,76,0,39,10,63,82,53,1
2022-10-16,18.652849740932645,36.44859813084112,55.102040816326536,9,5,6,16,77,0,50,9,59,76,43,1
2022-10-23,22.279792746113987,18.69158878504673,69.38775510204081,12,6,5,17,80,0,42,0,57,81,52,1
2022-10-30,20.725388601036265,30.8411214953271,56.122448979591844,10,7,5,18,77,0,36,12,64,77,43,1
2022-11-06,17.098445595854923,18.69158878504673,60.204081632653065,8,6,7,16,73,0,39,9,51,76,48,1
2022-11-13,22.797927461139896,32.71028037383177,67.34693877551021,7,6,12,18,78,0,43,9,62,81,50,1
2022-11-20,13.989637305699482,17.75700934579439,37.75510204081633,7,7,4,15,71,0,30,8,60,66,36,1
2022-11-27,24.352331606217618,14.953271028037381,36.734693877551024,8,4,4,16,92,0,44,0,51,61,40,1
2022-12-04,16.06217616580311,36.44859813084112,51.02040816326531,8,5,4,15,76,1,54,16,47,69,46,1
2022-12-11,23.316062176165797,56.074766355140184,59.18367346938776,8,5,9,16,84,0,62,12,65,70,53,1
2022-12-18,22.797927461139896,64.48598130841121,41.836734693877546,6,3,6,17,89,1,78,0,69,64,42,1
2022-12-25,13.989637305699482,52.336448598130836,38.77551020408163,5,3,5,17,74,0,59,17,59,65,39,0
2023-01-01,20.20725388601036,49.532710280373834,80.6122448979592,7,5,6,19,79,0,63,12,57,88,55,2
2023-01-08,19.689119170984455,39.25233644859813,83.67346938775512,7,4,8,18,78,0,47,10,64,90,57,1
2023-01-15,17.098445595854923,55.140186915887845,73.46938775510205,8,6,7,17,72,0,59,16,63,85,52,1
2023-01-22,14.507772020725387,32.71028037383177,76.53061224489797,6,4,6,19,70,0,50,0,64,88,52,1
2023-01-29,17.616580310880824,45.794392523364486,83.67346938775512,11,5,6,18,71,0,43,9,76,89,58,1
2023-02-05,14.507772020725387,29.906542056074763,80.6122448979592,8,4,5,17,71,0,43,0,68,89,55,1
2023-02-12,11.398963730569948,27.102803738317753,69.38775510204081,6,5,9,16,63,0,47,0,61,83,51,0
2023-02-19,19.17098445595855,20.5607476635514,70.40816326530613,15,7,5,17,70,0,42,0,59,82,52,1
2023-02-26,11.398963730569948,66.35514018691589,58.163265306122454,10,5,4,16,64,0,67,14,69,75,48,0
2023-03-05,13.471502590673579,37.38317757009346,62.24489795918369,8,5,4,17,69,0,47,0,72,75,51,1
2023-03-12,17.098445595854923,24.299065420560748,59.18367346938776,9,6,9,16,70,0,43,0,62,74,49,1
2023-03-19,17.098445595854923,28.971962616822427,59.18367346938776,11,6,6,19,68,0,50,0,60,73,50,1
2023-03-26,16.06217616580311,50.467289719626166,58.163265306122454,9,6,6,18,69,0,60,9,64,74,48,1
2023-04-02,12.953367875647665,28.037383177570092,46.938775510204096,8,6,5,16,67,0,53,0,56,70,42,0
2023-04-09,16.580310880829018,48.598130841121495,56.122448979591844,10,5,8,16,70,0,60,15,56,76,44,1
2023-04-16,25.388601036269424,33.64485981308411,54.08163265306122,26,11,5,16,68,0,55,11,49,72,47,0
2023-04-23,15.025906735751294,56.074766355140184,47.95918367346938,12,7,5,16,66,0,71,8,60,73,40,0
2023-04-30,10.880829015544045,62.616822429906534,64.28571428571429,8,5,5,17,63,0,73,13,60,76,52,1
2023-05-07,20.725388601036265,36.44859813084112,82.6530612244898,9,6,6,17,79,0,53,9,56,86,60,1
2023-05-14,23.316062176165797,26.168224299065418,69.38775510204081,9,5,14,17,77,0,50,0,57,83,50,1
2023-05-21,22.797927461139896,56.074766355140184,72.44897959183673,10,7,6,18,80,0,57,10,72,89,47,1
2023-05-28,21.24352331606218,69.1588785046729,65.30612244897961,9,6,6,18,79,0,57,17,79,82,47,1
2023-06-04,20.725388601036265,37.38317757009346,75.51020408163265,12,6,6,18,75,0,58,0,61,86,53,1
2023-06-11,23.316062176165797,49.532710280373834,80.6122448979592,10,6,12,18,76,0,65,0,67,91,53,1
2023-06-18,22.797927461139896,73.83177570093457,76.53061224489797,7,5,10,20,79,0,84,10,64,88,52,1
2023-06-25,24.352331606217618,79.43925233644859,58.163265306122454,8,5,16,19,76,0,92,0,72,80,42,1
2023-07-02,25.388601036269424,70.09345794392523,70.40816326530613,9,5,13,19,80,0,72,0,82,86,48,1
2023-07-09,22.279792746113987,65.42056074766354,66.3265306122449,8,6,13,18,75,0,77,0,72,85,46,0
2023-07-16,22.279792746113987,50.467289719626166,60.204081632653065,8,7,9,18,78,0,63,0,70,79,45,1
2023-07-23,31.088082901554397,79.43925233644859,65.30612244897961,9,6,9,19,94,1,81,0,82,80,49,1
2023-07-30,24.870466321243523,47.66355140186916,56.122448979591844,6,5,9,18,87,0,68,0,62,78,42,1
2023-08-06,22.797927461139896,64.48598130841121,51.02040816326531,7,4,5,17,88,0,67,0,81,75,40,1
2023-08-13,24.870466321243523,53.271028037383175,46.938775510204096,7,4,10,18,86,0,52,10,74,69,43,0
2023-08-20,24.870466321243523,76.63551401869158,43.87755102040817,8,4,7,18,88,0,68,12,81,71,37,1
2023-08-27,21.761658031088082,60.747663551401864,50.000000000000014,5,5,7,18,84,0,57,10,77,74,40,1
2023-09-03,23.834196891191713,80.37383177570094,60.204081632653065,7,6,6,19,85,0,70,14,81,77,48,0
2023-09-10,38.34196891191709,57.009345794392516,71.42857142857144,9,5,37,20,80,0,57,0,83,83,52,1
2023-09-17,30.051813471502587,59.813084112149525,47.95918367346938,15,5,23,18,74,0,58,0,85,69,43,1
2023-09-24,18.652849740932645,49.532710280373834,45.91836734693878,10,6,9,18,70,0,53,11,68,70,40,1
2023-10-01,15.025906735751294,36.44859813084112,33.673469387755105,8,4,6,15,73,0,51,0,67,65,33,1
2023-10-08,15.544041450777197,29.906542056074763,41.836734693877546,8,3,12,17,67,0,43,0,68,65,41,1
2023-10-15,18.652849740932645,55.140186915887845,38.77551020408163,7,5,15,18,68,0,55,16,67,66,37,1
2023-10-22,10.880829015544045,38.31775700934579,28.57142857142857,8,5,9,16,60,0,60,0,60,57,36,1
2023-10-29,10.880829015544045,42.05607476635514,31.6326530612245,7,4,8,18,61,1,59,8,56,61,35,1
2023-11-05,24.352331606217618,42.05607476635514,27.551020408163268,8,7,18,15,76,0,46,14,64,59,33,1
2023-11-12,29.01554404145078,31.775700934579437,37.75510204081633,7,6,26,17,77,0,57,0,56,64,38,1
2023-11-19,16.580310880829018,60.747663551401864,45.91836734693878,7,6,11,17,68,0,51,0,93,67,43,1
2023-11-26,10.880829015544045,54.20560747663551,33.673469387755105,7,6,7,17,61,0,58,9,70,62,37,0
2023-12-03,8.29015544041451,57.009345794392516,38.77551020408163,5,4,6,18,60,0,56,12,72,62,42,0
2023-12-10,18.13471502590673,48.598130841121495,34.69387755102042,9,3,15,17,68,0,69,0,62,60,39,1
2023-12-17,10.880829015544045,46.728971962616825,28.57142857142857,7,6,9,16,60,0,73,0,56,59,35,0
2023-12-24,8.29015544041451,64.48598130841121,22.448979591836732,6,3,7,17,60,0,75,12,61,57,31,0
2023-12-31,13.989637305699482,76.63551401869158,57.14285714285714,4,5,10,19,66,0,74,13,74,78,43,1
2024-01-07,11.917098445595855,50.467289719626166,66.3265306122449,5,4,6,17,68,0,60,0,73,83,47,1
2024-01-14,15.544041450777197,53.271028037383175,63.26530612244897,7,5,13,19,63,0,55,0,81,83,45,0
2024-01-21,11.398963730569948,60.747663551401864,70.40816326530613,5,4,8,18,64,0,51,0,93,84,50,1
2024-01-28,9.326424870466319,55.140186915887845,50.000000000000014,6,5,8,18,58,0,52,10,76,73,41,1
2024-02-04,5.181347150259063,43.925233644859816,42.85714285714286,6,5,5,16,55,0,51,0,75,71,37,0
2024-02-11,2.590673575129529,30.8411214953271,42.85714285714286,5,3,12,14,48,0,41,10,61,71,37,0
2024-02-18,2.072538860103624,35.51401869158878,45.91836734693878,6,3,6,16,50,0,44,0,73,70,40,1
2024-02-25,2.590673575129529,33.64485981308411,33.673469387755105,6,4,6,17,49,0,51,0,64,63,36,0
2024-03-03,3.108808290155443,44.85981308411215,34.69387755102042,5,6,6,16,50,0,51,12,64,63,37,0
2024-03-10,7.772020725388597,48.598130841121495,41.836734693877546,7,5,14,16,50,0,59,0,72,70,37,0
2024-03-17,6.735751295336787,37.38317757009346,47.95918367346938,6,4,9,18,53,0,58,0,61,71,41,1
2024-03-24,7.772020725388597,35.51401869158878,38.77551020408163,7,5,6,18,56,0,45,12,60,65,38,1
2024-03-31,0.5181347150259048,55.140186915887845,27.551020408163268,7,3,6,16,46,0,49,0,89,61,31,1
2024-04-07,2.072538860103624,55.140186915887845,22.448979591836732,6,4,5,16,50,0,56,13,69,56,32,0
2024-04-14,7.772020725388597,9.345794392523365,23.469387755102048,5,5,15,17,50,0,37,0,52,58,31,0
2024-04-21,3.108808290155443,15.887850467289718,27.551020408163268,7,4,7,17,48,0,37,0,59,61,32,0
2024-04-28,3.626943005181348,28.037383177570092,32.6530612244898,5,4,6,17,52,0,56,0,53,64,34,0
2024-05-05,5.181347150259063,37.38317757009346,43.87755102040817,4,5,6,17,55,0,44,0,75,68,41,0
2024-05-12,10.36269430051813,24.299065420560748,46.938775510204096,7,4,12,19,55,0,48,0,57,69,43,0
2024-05-19,8.29015544041451,38.31775700934579,55.102040816326536,8,4,5,18,58,0,49,0,71,79,41,0
2024-05-26,13.471502590673579,49.532710280373834,45.91836734693878,7,4,7,19,66,0,41,0,91,70,40,1
2024-06-02,17.616580310880824,52.336448598130836,48.9795918367347,9,6,6,20,70,0,52,0,83,73,41,0
2024-06-09,10.36269430051813,17.75700934579439,56.122448979591844,6,3,8,18,62,0,36,0,62,79,42,0
2024-06-16,14.507772020725387,30.8411214953271,38.77551020408163,6,5,5,19,70,0,48,0,64,67,36,1
2024-06-23,6.217616580310882,38.31775700934579,15.306122448979592,6,3,4,16,60,0,54,0,66,52,29,0
2024-06-30,15.025906735751294,28.037383177570092,38.77551020408163,8,5,7,18,68,0,45,0,64,68,36,0
2024-07-07,15.544041450777197,48.598130841121495,40.81632653061226,9,4,8,19,67,0,54,11,66,69,37,0
2024-07-14,16.06217616580311,39.25233644859813,38.77551020408163,7,4,10,19,68,0,39,0,82,67,36,1
2024-07-21,16.06217616580311,42.99065420560748,51.02040816326531,8,4,6,19,71,0,52,0,73,73,43,0
2024-07-28,18.652849740932645,45.794392523364486,47.95918367346938,7,5,7,19,75,0,51,0,77,77,35,1
2024-08-04,14.507772020725387,45.794392523364486,45.91836734693878,5,4,6,18,72,0,56,0,72,69,42,0
2024-08-11,17.616580310880824,41.1214953271028,58.163265306122454,7,3,7,17,77,0,47,0,76,81,41,1
2024-08-18,21.761658031088082,21.49532710280374,56.122448979591844,7,4,6,18,84,0,40,0,62,76,44,1
2024-08-25,19.17098445595855,40.18691588785047,45.91836734693878,8,4,7,18,77,0,52,0,70,71,39,1
2024-09-01,21.24352331606218,47.66355140186916,60.204081632653065,8,4,6,18,82,0,41,12,77,81,44,0
2024-09-08,18.13471502590673,33.64485981308411,57.14285714285714,7,2,4,18,81,0,35,0,80,79,42,1
2024-09-15,20.20725388601036,27.102803738317753,51.02040816326531,12,4,6,17,77,0,45,0,63,76,39,1
2024-09-22,19.689119170984455,23.364485981308412,38.77551020408163,14,3,4,17,77,0,47,0,57,71,33,0
2024-09-29,12.435233160621758,42.05607476635514,31.6326530612245,9,4,4,16,68,0,45,0,79,63,33,1
2024-10-06,13.989637305699482,24.299065420560748,41.836734693877546,7,3,5,17,72,0,37,0,68,71,36,0
2024-10-13,19.689119170984455,20.5607476635514,43.87755102040817,6,5,9,15,80,0,40,0,61,70,39,0
2024-10-20,8.29015544041451,24.299065420560748,33.673469387755105,6,3,5,16,63,0,43,0,62,67,32,0
2024-10-27,5.181347150259063,44.85981308411215,33.673469387755105,5,2,3,15,62,0,53,10,64,65,34,0
2024-11-03,8.29015544041451,32.71028037383177,44.897959183673464,7,4,6,15,61,0,43,9,62,69,41,0
2024-11-10,12.435233160621758,53.271028037383175,56.122448979591844,6,3,8,16,68,0,53,12,71,76,45,0
2024-11-17,11.917098445595855,43.925233644859816,60.204081632653065,7,5,6,19,63,0,42,0,84,77,47,1
2024-11-24,10.36269430051813,9.345794392523365,44.897959183673464,8,4,5,18,62,0,38,0,51,69,41,0
2024-12-01,7.253886010362691,27.102803738317753,40.81632653061226,6,5,5,16,59,0,52,0,56,65,41,0
2024-12-08,7.772020725388597,30.8411214953271,32.6530612244898,6,3,6,15,62,0,52,0,60,64,34,0
2024-12-15,10.36269430051813,23.364485981308412,34.69387755102042,8,4,7,17,61,0,54,0,50,64,36,0
2024-12-22,5.699481865284977,37.38317757009346,18.367346938775512,6,2,6,14,60,0,53,0,66,54,30,0
2024-12-29,9.844559585492226,40.18691588785047,36.734693877551024,7,2,7,18,62,0,47,0,75,66,36,0
2025-01-05,9.844559585492226,45.794392523364486,68.36734693877553,6,3,5,18,64,0,57,0,71,85,47,1
2025-01-12,13.989637305699482,9.345794392523365,70.40816326530613,6,4,8,17,69,0,34,0,55,87,48,0
2025-01-19,8.29015544041451,11.214953271028037,70.40816326530613,6,4,6,16,61,0,33,0,58,88,47,0
2025-01-26,10.36269430051813,31.775700934579437,56.122448979591844,6,3,6,18,64,0,47,0,66,79,42,0
2025-02-02,9.844559585492226,34.57943925233645,62.24489795918369,6,4,6,17,63,0,47,0,69,78,48,1
2025-02-09,7.772020725388597,17.75700934579439,55.102040816326536,5,3,7,15,62,0,43,0,55,74,45,1
2025-02-16,9.844559585492226,30.8411214953271,64.28571428571429,5,4,5,19,63,0,36,11,65,80,49,0
2025-02-23,8.808290155440416,54.20560747663551,52.04081632653062,5,4,5,17,63,0,57,0,80,70,46,1
2025-03-02,7.253886010362691,33.64485981308411,46.938775510204096,5,5,6,17,58,0,42,0,73,69,42,1
2025-03-09,9.326424870466319,27.102803738317753,47.95918367346938,5,2,6,18,64,0,46,0,62,72,40,1
2025-03-16,12.953367875647665,36.44859813084112,48.9795918367347,7,5,6,17,67,0,49,0,69,72,42,0
2025-03-23,12.953367875647665,38.31775700934579,44.897959183673464,7,4,6,19,66,0,47,0,73,72,38,0
2025-03-30,9.844559585492226,39.25233644859813,27.551020408163268,5,4,7,16,64,1,40,17,63,60,33,0
2025-04-06,10.880829015544045,39.25233644859813,33.673469387755105,6,4,5,16,67,0,52,0,69,62,37,0
2025-04-13,11.398963730569948,25.233644859813083,33.673469387755105,6,4,7,16,66,0,47,0,59,60,39,0
2025-04-20,11.917098445595855,29.906542056074763,31.6326530612245,6,5,5,16,68,0,43,0,68,63,33,1
2025-04-27,14.507772020725387,21.49532710280374,37.75510204081633,7,4,6,17,71,0,40,0,62,64,39,0
2025-05-04,22.279792746113987,15.887850467289718,50.000000000000014,8,19,7,17,69,0,44,0,52,69,46,0
2025-05-11,16.580310880829018,28.037383177570092,43.87755102040817,6,7,8,18,70,0,44,0,65,65,43,1
2025-05-18,16.580310880829018,49.532710280373834,35.71428571428571,8,6,5,17,73,0,46,0,86,64,36,1
2025-05-25,17.616580310880824,24.299065420560748,40.81632653061226,6,6,6,17,76,0,38,0,67,65,40,1
2025-06-01,19.689119170984455,26.168224299065418,30.612244897959183,6,5,6,18,80,0,40,0,67,63,33,0
2025-06-08,20.725388601036265,15.887850467289718,39.79591836734694,7,5,8,17,80,0,39,0,57,64,41,0
2025-06-15,20.20725388601036,35.51401869158878,31.6326530612245,7,5,8,19,77,0,50,0,67,62,35,0
2025-06-22,12.953367875647665,48.598130841121495,13.265306122448978,5,4,5,18,70,0,63,0,68,49,29,1
2025-06-29,18.652849740932645,21.49532710280374,25.510204081632654,7,4,7,16,79,0,40,0,62,58,33,0
2025-07-06,23.834196891191713,34.57943925233645,33.673469387755105,7,5,6,16,89,1,50,0,65,64,34,1
2025-07-13,29.01554404145078,41.1214953271028,33.673469387755105,8,5,14,16,90,0,42,12,69,62,36,1
2025-07-20,25.90673575129533,42.05607476635514,36.734693877551024,7,5,8,19,88,0,46,0,78,63,38,1
2025-07-27,23.316062176165797,32.71028037383177,22.448979591836732,8,5,7,17,85,0,49,0,65,56,32,0
2025-08-03,21.24352331606218,36.44859813084112,24.48979591836735,6,5,7,16,84,0,55,0,63,56,34,0
2025-08-10,24.352331606217618,43.925233644859816,19.387755102040813,7,3,8,17,89,0,39,0,87,54,31,0
2025-08-17,22.279792746113987,37.38317757009346,22.448979591836732,7,3,6,15,89,0,53,0,66,54,34,0
2025-08-24,22.279792746113987,23.364485981308412,27.551020408163268,7,5,5,16,87,0,40,0,64,58,35,0
2025-08-31,31.088082901554397,32.71028037383177,29.59183673469388,8,6,7,16,100,0,44,0,70,61,34,0
2025-09-07,18.13471502590673,36.44859813084112,30.612244897959183,8,4,5,15,80,0,41,0,77,63,33,0
2025-09-14,17.616580310880824,16.822429906542055,29.59183673469388,11,4,7,15,74,0,41,0,56,56,38,1
2025-09-21,22.797927461139896,18.69158878504673,31.6326530612245,22,5,6,16,72,0,42,0,57,59,38,0
2025-09-28,13.989637305699482,28.971962616822427,28.57142857142857,11,5,6,13,69,0,46,0,64,51,42,1
2025-10-05,18.13471502590673,18.69158878504673,33.673469387755105,10,5,5,15,77,0,39,0,60,54,44,1
2025-10-12,13.471502590673579,17.75700934579439,17.34693877551021,7,4,6,14,72,0,44,0,54,51,31,1
2025-10-19,10.880829015544045,24.299065420560748,10.20408163265306,5,4,6,14,69,0,47,0,58,46,29,1
2025-10-26,17.098445595854923,42.05607476635514,18.367346938775512,9,5,5,17,74,0,40,10,74,51,32,1
2025-11-02,18.13471502590673,43.925233644859816,11.224489795918371,7,5,7,18,75,0,47,0,79,50,27,0
2025-11-09,22.797927461139896,68.22429906542055,21.42857142857143,9,6,8,18,80,0,41,20,91,52,34,1
2025-11-16,19.17098445595855,70.09345794392523,18.367346938775512,6,5,9,19,75,0,38,16,100,50,34,0
2025-11-23,16.580310880829018,100.0,23.469387755102048,6,6,8,17,72,0,65,26,95,49,39,1
2025-11-30,17.616580310880824,93.45794392523365,18.367346938775512,6,4,9,18,74,0,79,23,77,49,35,0
2025-12-07,16.580310880829018,76.63551401869158,12.244897959183675,6,5,8,17,73,0,61,19,81,47,31,0
2025-12-14,16.06217616580311,50.467289719626166,16.3265306122449,7,4,10,17,70,0,44,18,71,46,36,0
2025-12-21,10.880829015544045,25.233644859813083,0.0,7,4,6,13,68,0,52,0,54,37,29,0
2025-12-28,17.098445595854923,56.074766355140184,15.306122448979592,4,9,6,15,76,0,55,11,73,46,35,0
2026-01-04,13.989637305699482,16.822429906542055,37.75510204081633,6,4,7,15,72,0,38,0,59,58,44,1
2026-01-11,18.652849740932645,10.2803738317757,50.000000000000014,5,4,6,16,82,0,33,5,52,62,52,1
2026-01-18,21.24352331606218,28.971962616822427,44.897959183673464,6,4,6,16,86,0,37,6,67,60,49,1
2026-01-25,7.253886010362691,11.214953271028037,13.265306122448978,5,3,4,14,65,0,31,5,55,45,33,1
